Workbook

Sheet Parameters
A1: ATM Empire - Balancing model
A2: Blauwe cellen zijn aannames die je kunt aanpassen. Alles rekent door.
A4: Aanname | B4: Waarde | C4: Toelichting
A5: Transactiekans per seconde | B5: 0.55 | C5: Kans dat een automaat per seconde een transactie doet
A6: Gem. biljetten per transactie | B6: 1.5 | C6: Cassette-drain per transactie
A7: Gem. inkomen-spreiding factor | B7: 1.1 | C7: Gemiddelde van 0.8 tot 1.4 spreiding
A8: Gem. biljetwaarde float (EUR) | B8: 40 | C8: Voor rentekosten over cash float
A9: Float rente per seconde | B9: 1.2e-05 | C9: Zachte rem op overfillen
A10: Slijtage per seconde | B10: 0.004 | C10: Onderhoudsbalk-drain, 100% = vol
A11: Reparatieduur (sec) | B11: 30 | C11: Zonder monteur
A12: Reparatieduur monteur (sec) | B12: 12 | C12: Met monteur in dienst
A13: Offline factor | B13: 0.5 | C13: Deel van normaal inkomen offline
A14: Offline cap (uren) | B14: 1 | C14: Max offline-verdientijd
A15: Prestige bonus per level | B15: 0.25 | C15: Permanente inkomensmultiplier
A16: 100 euro biljet: inkomen x | B16: 1.6 | C16: Na eerste prestige
... A28: Prijsgroei nieuwe automaat (factor) | B28: 1.6 | C28: Verlaagd van 1,9 om middenspel-gat te dichten

Sheet Tiers
A1: Tier | B1: Capaciteit (biljetten) | C1: Inkomen per transactie (EUR) | D1: Upgradekosten (EUR) | E1: Inkomen per min (EUR) | F1: Cassette leeg na (min) | G1: Refillkosten (EUR) | H1: Netto per refill-cyclus (EUR) | I1: Terugverdientijd upgrade (min)
A2: Lobby basic | B2: 100 | C2: 2 | D2: 0 | E2: =C2*Parameters!$B$5*Parameters!$B$7*60 -> 72.6 | F2: =B2/(Parameters!$B$5*Parameters!$B$6*60) -> 2.020202 | G2: =Parameters!$B$18 -> 60 | H2: =E2*F2-G2 -> 86.666667 | I2: n.v.t.
A3: Lobby plus | B3: 160 | C3: 3 | D3: 350 | E3: =C3*Parameters!$B$5*Parameters!$B$7*60 -> 108.9 | F3: =B3/(Parameters!$B$5*Parameters!$B$6*60) -> 3.2323232 | G3: =Parameters!$B$18 -> 60 | H3: =E3*F3-G3 -> 292 | I3: =D3/(E3-E2) -> 9.6418733
A4: TTW unit | B4: 240 | C4: 5 | D4: 840 | E4: =C4*Parameters!$B$5*Parameters!$B$7*60 -> 181.5 | F4: =B4/(Parameters!$B$5*Parameters!$B$6*60) -> 4.8484848 | G4: =Parameters!$B$18 -> 60 | H4: =E4*F4-G4 -> 820 | I4: =D4/(E4-E3) -> 11.570248
A5: TTW recycler | B5: 340 | C5: 8 | D5: 2016 | E5: =C5*Parameters!$B$5*Parameters!$B$7*60 -> 290.4 | F5: =B5/(Parameters!$B$5*Parameters!$B$6*60) -> 6.8686869 | G5: =Parameters!$B$18 -> 60 | H5: =E5*F5-G5 -> 1934.6667 | I5: =D5/(E5-E4) -> 18.512397

Sheet Upgrades
A1: Kostencurves netwerk-upgrades
A3: Upgrade | B3: Basis (EUR) | C3: Groeifactor | D3: Lvl 1 | E3: Lvl 2 | F3: Lvl 3 | G3: Lvl 4 | H3: Lvl 5 | I3: Effect per level
A4: Grotere cassettes | B4: 300 | C4: 2 | D4: =$B4*$C4^0 -> 300 | E4: =$B4*$C4^1 -> 600 | F4: =$B4*$C4^2 -> 1200 | G4: =$B4*$C4^3 -> 2400 | H4: =$B4*$C4^4 -> 4800 | I4: +40% capaciteit
A5: Beveiliging (IBNS) | B5: 250 | C5: 2 | D5: =$B5*$C5^0 -> 250 | E5: =$B5*$C5^1 -> 500 | F5: =$B5*$C5^2 -> 1000 | G5: =$B5*$C5^3 -> 2000 | H5: =$B5*$C5^4 -> 4000 | I5: -12% slijtage
A6: CIT routeoptimalisatie | B6: 400 | C6: 2 | D6: =$B6*$C6^0 -> 400 | E6: =$B6*$C6^1 -> 800 | F6: =$B6*$C6^2 -> 1600 | G6: =$B6*$C6^3 -> 3200 | H6: =$B6*$C6^4 -> 6400 | I6: -15% refillkosten
A7: Monteur (eenmalig) | B7: 3000 | C7: 1 | D7: =$B7*$C7^0 -> 3000 | E7: - | F7: - | G7: - | H7: - | I7: Reparatie 30s naar 12s

Sheet Simulatie
A1: Progressie-simulatie: is er elke 2-3 minuten iets te vieren?
A2: Aanname: speler herinvesteert alles, gemiddeld netwerk-inkomen groeit per stap.
A4: Stap | B4: Gebeurtenis | C4: Kosten / drempel (EUR) | D4: Netwerk inkomen na stap (EUR/min) | E4: Spaartijd tot deze stap (min) | F4: Cumulatief (min) | G4: Check: < 3 min?
A5: 1 | B5: Start: 2x Lobby basic | C5: 0 | D5: =2*Tiers!$E$2 -> 145.2 | E5: 0 | F5: =E5 -> 0 | G5: =IF(E5<=3,"OK","TE LANG") -> OK
A6: 2 | B6: Mijlpaal 750 (bonus 150) | C6: 0 | D6: =D5 -> 145.2 | E6: =IF(C6=0,0.5,C6/D5) -> 0.5 | F6: =F5+E6 -> 0.5 | G6: =IF(E6<=3,"OK","TE LANG") -> OK
A7: 3 | B7: 3e automaat | C7: 400 | D7: =3*Tiers!$E$2 -> 217.8 | E7: =IF(C7=0,0.5,C7/D6) -> 2.7548209 | F7: =F6+E7 -> 3.2548209 | G7: =IF(E7<=3,"OK","TE LANG") -> OK
A8: 4 | B8: Upgrade 1x Lobby plus | C8: =Tiers!$D$3 -> 350 | D8: =2*Tiers!$E$2+Tiers!$E$3 -> 254.1 | E8: =IF(C8=0,0.5,C8/D7) -> 1.6069789 | F8: =F7+E8 -> 4.8617998 | G8: =IF(E8<=3,"OK","TE LANG") -> OK
A9: 5 | B9: Cassette-upgrade lvl 1 | C9: =Upgrades!$D$4 -> 300 | D9: =D8 -> 254.1 | E9: =IF(C9=0,0.5,C9/D8) -> 1.1806375 | F9: =F8+E9 -> 6.0424374 | G9: =IF(E9<=3,"OK","TE LANG") -> OK
A10: 6 | B10: Level Stad (2.000 totaal) | C10: 0 | D10: =D9 -> 254.1 | E10: =IF(C10=0,0.5,C10/D9) -> 0.5 | F10: =F9+E10 -> 6.5424374 | G10: =IF(E10<=3,"OK","TE LANG") -> OK
A11: 7 | B11: 4e + 5e automaat (na Stad-bonus) | C11: =400*Parameters!$B$28+400*Parameters!$B$28^2-Mijlpalen!$B$3 -> 1364 | D11: =4*Tiers!$E$2+Tiers!$E$3 -> 399.3 | E11: =IF(C11=0,0.5,C11/D10) -> 5.3679654 | F11: =F10+E11 -> 11.910403 | G11: =IF(E11<=3,"OK","TE LANG") -> TE LANG
A12: 8 | B12: Upgrade 2x TTW unit (na 4.000-bonus) | C12: =2*Tiers!$D$4-Mijlpalen!$B$4 -> 1180 | D12: =2*Tiers!$E$2+Tiers!$E$3+2*Tiers!$E$4 -> 617.1 | E12: =IF(C12=0,0.5,C12/D11) -> 2.9551716 | F12: =F11+E12 -> 14.865574 | G12: =IF(E12<=3,"OK","TE LANG") -> OK
A13: 9 | B13: Monteur in dienst | C13: =Upgrades!$B$7 -> 3000 | D13: =D12 -> 617.1 | E13: =IF(C13=0,0.5,C13/D12) -> 4.8614487 | F13: =F12+E13 -> 19.727023 | G13: =IF(E13<=3,"OK","TE LANG") -> TE LANG
A14: 10 | B14: Level Regio (8.000 totaal) | C14: 0 | D14: =D13 -> 617.1 | E14: =IF(C14=0,0.5,C14/D13) -> 0.5 | F14: =F13+E14 -> 20.227023 | G14: =IF(E14<=3,"OK","TE LANG") -> OK
A15: 11 | B15: 2x TTW recycler (na 14.000-bonus) | C15: =2*Tiers!$D$5-Mijlpalen!$B$6 -> 2532 | D15: =Tiers!$E$2+Tiers!$E$3+2*Tiers!$E$4+2*Tiers!$E$5 -> 1125.3 | E15: =IF(C15=0,0.5,C15/D14) -> 4.1030627 | F15: =F14+E15 -> 24.330086 | G15: =IF(E15<=3,"OK","TE LANG") -> TE LANG
A16: 12 | B16: Prestige-drempel (25.000 totaal) | C16: 0 | D16: =D15 -> 1125.3 | E16: =IF(C16=0,0.5,C16/D15) -> 0.5 | F16: =F15+E16 -> 24.830086 | G16: =IF(E16<=3,"OK","TE LANG") -> OK
A18: Doel eerste prestige: 30 tot 45 min. Zie cumulatief bij de laatste stap.

Sheet Mijlpalen
A1: Totaal verdiend (EUR) | B1: Beloning (EUR) | C1: Beloning als % van drempel | D1: Label
A2: 750 | B2: 150 | C2: =B2/A2 -> 0.2 | D2: Eerste 750 verdiend
A3: 2000 | B3: 300 | C3: =B3/A3 -> 0.15 | D3: Stad bereikt
A4: 4000 | B4: 500 | C4: =B4/A4 -> 0.125 | D4: 4.000 totaal
A5: 8000 | B5: 900 | C5: =B5/A5 -> 0.1125 | D5: Regio bereikt
A6: 14000 | B6: 1500 | C6: =B6/A6 -> 0.10714286 | D6: 14.000 totaal
A7: 25000 | B7: 3000 | C7: =B7/A7 -> 0.12 | D7: Landelijk netwerk

Sheet Banken
A1: Bank | B1: Aandeel transacties | C1: Basistarief (x) | D1: Onderhandeling per level (+x) | E1: Max level | F1: Onderhandelkosten basis (EUR) | G1: Tarief op max
A2: Bank Oranje | B2: 0.5 | C2: 0.9 | D2: 0.05 | E2: 5 | F2: 500 | G2: =C2+D2*E2 -> 1.15
A3: Rivierbank | B3: 0.3 | C3: 1.1 | D3: 0.05 | E3: 5 | F3: 500 | G3: =C3+D3*E3 -> 1.35
A4: Noorderbank | B4: 0.2 | C4: 1.35 | D4: 0.05 | E4: 5 | F4: 500 | G4: =C4+D4*E4 -> 1.6
A5: Zuiderbank (unlock Regio, 5.000) | B5: 0.15 | C5: 1.5 | D5: 0.05 | E5: 5 | F5: 500 | G5: =C5+D5*E5 -> 1.75
